{"cameraMode":{"drawMode":0,"name":"Shaded","section":"Shading Mode"},"sceneLighting":true,"audioPlay":false,"sceneViewState":{"m_AlwaysRefresh":false,"showFog":true,"showSkybox":true,"showFlares":true,"showImageEffects":true,"showParticleSystems":true,"showVisualEffectGraphs":true,"m_FxEnabled":true},"in2DMode":false,"pivot":{"x":0.18300801515579225,"y":1.2592852115631104,"z":1.0551427602767945},"rotation":{"x":-0.2052363008260727,"y":0.6118897199630737,"z":-0.16856159269809724,"w":-0.7450215816497803},"size":0.9287364482879639,"orthographic":false}